﻿<?xml version="1.0" encoding="utf-8" standalone="no" ?>
<modDesc descVersion="40">
	<author>omni-trash</author>
    <version>1.20.8.16</version>
    <title>
        <de>Reitmeister</de>
    </title>
    <description>
	<de><![CDATA[Der Reitmeister hilft dir beim Ausreiten deiner Pferde.]]></de>
    </description>
	<!--
	icon from  : https://icon-icons.com/de/pack/780-Free-Vector-Emoji/1465
	created by : Vincent Le Moign
	license    : https://creativecommons.org/licenses/by/4.0/
	-->
	<iconFilename>mod.png</iconFilename>
    <multiplayer supported="true"/>
	<extraSourceFiles>	
		<sourceFile filename="mod.lua" /> 
	</extraSourceFiles>
	<l10n>
		<text name="DISPLAYTEXT">
			<de>'{horse}' wurde von '{player}' um {time} Uhr {minutes} Minuten lang ausgeritten und gebürstet ({fitness}% {fitnessTitle})</de>
		</text>
	</l10n>
</modDesc>
